<?xml version="1.0" encoding="UTF-8"?>
<project-private xmlns="http://www.netbeans.org/ns/project-private/1">
    <data xmlns="http://www.netbeans.org/ns/make-project-private/1">
        <activeConfTypeElem>1</activeConfTypeElem>
        <activeConfIndexElem>0</activeConfIndexElem>
    </data>
    <editor-bookmarks xmlns="http://www.netbeans.org/ns/editor-bookmarks/2" lastBookmarkId="0"/>
    <open-files xmlns="http://www.netbeans.org/ns/projectui-open-files/2">
        <group>
            <file>file:/D:/Desktop/DEFINITIU/exercici2/Movie.cpp</file>
            <file>file:/D:/Desktop/DEFINITIU/exercici2/NodeTree.h</file>
            <file>file:/D:/Desktop/DEFINITIU/exercici2/main.cpp</file>
            <file>file:/D:/Desktop/DEFINITIU/exercici2/movie_rating.txt</file>
            <file>file:/D:/Desktop/DEFINITIU/exercici2/BinarySearchTree.h</file>
            <file>file:/D:/Desktop/DEFINITIU/exercici2/BSTMovieFinder.h</file>
            <file>file:/D:/Desktop/DEFINITIU/exercici2/cercaPelicules.txt</file>
            <file>file:/D:/Desktop/DEFINITIU/exercici2/BSTMovieFinder.cpp</file>
            <file>file:/D:/Desktop/DEFINITIU/exercici2/movie_rating_small.txt</file>
        </group>
    </open-files>
</project-private>
