<?xml version="1.0" encoding="UTF-8"?>
<configurationDescriptor version="100">
  <logicalFolder name="root" displayName="root" projectFiles="true" kind="ROOT">
    <logicalFolder name="HeaderFiles"
                   displayName="Header Files"
                   projectFiles="true">
      <itemPath>Entry.h</itemPath>
      <itemPath>HeapMovieFinder.h</itemPath>
      <itemPath>MinHeap.h</itemPath>
      <itemPath>Movie.h</itemPath>
    </logicalFolder>
    <logicalFolder name="ResourceFiles"
                   displayName="Resource Files"
                   projectFiles="true">
      <itemPath>cercaPelicules.txt</itemPath>
      <itemPath>movie_rating.txt</itemPath>
      <itemPath>movie_rating_small.txt</itemPath>
    </logicalFolder>
    <logicalFolder name="SourceFiles"
                   displayName="Source Files"
                   projectFiles="true">
      <itemPath>HeapMovieFinder.cpp</itemPath>
      <itemPath>Movie.cpp</itemPath>
      <itemPath>main.cpp</itemPath>
    </logicalFolder>
    <logicalFolder name="TestFiles"
                   displayName="Test Files"
                   projectFiles="false"
                   kind="TEST_LOGICAL_FOLDER">
    </logicalFolder>
    <logicalFolder name="ExternalFiles"
                   displayName="Important Files"
                   projectFiles="false"
                   kind="IMPORTANT_FILES_FOLDER">
      <itemPath>Makefile</itemPath>
    </logicalFolder>
  </logicalFolder>
  <projectmakefile>Makefile</projectmakefile>
  <confs>
    <conf name="Debug" type="1">
      <toolsSet>
        <compilerSet>default</compilerSet>
        <dependencyChecking>true</dependencyChecking>
        <rebuildPropChanged>false</rebuildPropChanged>
      </toolsSet>
      <compileType>
        <ccTool>
          <standard>8</standard>
          <commandlineTool>g++</commandlineTool>
        </ccTool>
      </compileType>
      <item path="Entry.h" ex="false" tool="3" flavor2="0">
      </item>
      <item path="HeapMovieFinder.cpp" ex="false" tool="1" flavor2="0">
      </item>
      <item path="HeapMovieFinder.h" ex="false" tool="3" flavor2="0">
      </item>
      <item path="MinHeap.h" ex="false" tool="3" flavor2="0">
      </item>
      <item path="Movie.cpp" ex="false" tool="1" flavor2="0">
      </item>
      <item path="Movie.h" ex="false" tool="3" flavor2="0">
      </item>
      <item path="cercaPelicules.txt" ex="false" tool="3" flavor2="0">
      </item>
      <item path="main.cpp" ex="false" tool="1" flavor2="0">
      </item>
      <item path="movie_rating.txt" ex="false" tool="3" flavor2="0">
      </item>
      <item path="movie_rating_small.txt" ex="false" tool="3" flavor2="0">
      </item>
    </conf>
    <conf name="Release" type="1">
      <toolsSet>
        <compilerSet>default</compilerSet>
        <dependencyChecking>true</dependencyChecking>
        <rebuildPropChanged>false</rebuildPropChanged>
      </toolsSet>
      <compileType>
        <cTool>
          <developmentMode>5</developmentMode>
        </cTool>
        <ccTool>
          <developmentMode>5</developmentMode>
          <standard>8</standard>
        </ccTool>
        <fortranCompilerTool>
          <developmentMode>5</developmentMode>
        </fortranCompilerTool>
        <asmTool>
          <developmentMode>5</developmentMode>
        </asmTool>
      </compileType>
      <item path="Entry.h" ex="false" tool="3" flavor2="0">
      </item>
      <item path="HeapMovieFinder.cpp" ex="false" tool="1" flavor2="0">
      </item>
      <item path="HeapMovieFinder.h" ex="false" tool="3" flavor2="0">
      </item>
      <item path="MinHeap.h" ex="false" tool="3" flavor2="0">
      </item>
      <item path="Movie.cpp" ex="false" tool="1" flavor2="0">
      </item>
      <item path="Movie.h" ex="false" tool="3" flavor2="0">
      </item>
      <item path="cercaPelicules.txt" ex="false" tool="3" flavor2="0">
      </item>
      <item path="main.cpp" ex="false" tool="1" flavor2="0">
      </item>
      <item path="movie_rating.txt" ex="false" tool="3" flavor2="0">
      </item>
      <item path="movie_rating_small.txt" ex="false" tool="3" flavor2="0">
      </item>
    </conf>
  </confs>
</configurationDescriptor>
